Workbook

Sheet Table Assessment
A1: First Name | B1: Last Name | C1: Sleep (Avg # of hours) | D1: Water intake (oz/day) | E1: Previous Injury | F1: Cx Rot L | G1: Cx Rot R | H1: Lx Flexion | I1: Lx Extension | J1: Hip IR - R | K1: Hip IR - L | L1: PSLR - R | M1: PSLR - L | N1: ASLR - R | O1: ASLR - L | P1: Shoulder ER - R | Q1: Shoulder IR - R | R1: Shoulder ER - L | S1: Shoulder IR - L | T1: TSpine Rot - L | U1: TSpine Rot - R | V1: Ankle DF - R | W1: Ankle DF - L | X1: Pelvic Rotation | Y1: Pelvic Ant/Post | Z1: SL Squat - R | AA1: SL Squat - L | AB1: SL Balance - R | AC1: SL Balance - L | AD1: Other
A2: Nick | B2: Gold | C2: 7.5 | D2: 64 | E2: N/a | F2: 70 | G2: 77 | H2: 82 | I2: 54 | J2: 38 | K2: 46 | L2: 82 | M2: 77 | N2: 71 | O2: 71 | P2: 160 | Q2: 90 | R2: 146 | S2: 103 | T2: 65 | U2: 57 | V2: 41 | W2: 39 | X2: Lateral Shift | Y2: Shake & Bake | Z2: Good | AA2: Knee Valgus - Foot/hip | AB2: Good | AC2: Good
A3: Xavier | B3: Beckstead | C3: 8 | D3: 160 | E3: N/a | F3: 77 | G3: 70 | H3: 82 | I3: 48 | J3: 41 | K3: 41 | L3: 73 | M3: 83 | N3: 66 | O3: 68 | P3: =90+64 -> 154 | Q3: 105 | R3: =90+43 -> 133 | S3: 90 | T3: 71 | U3: 67 | V3: 34 | W3: 37 | X3: Lateral Shift | Y3: No Posterior Tilt | Z3: Good | AA3: Good | AB3: Good | AC3: Good
A4: John | B4: Callahan | C4: 7 | D4: 128 | E4: N/a | F4: 74 | G4: 75 | H4: 92 | I4: 51 | J4: 52 | K4: 51 | L4: 110 | M4: 103 | N4: 79 | O4: 83 | P4: =90+56 -> 146 | Q4: 76 | R4: 146 | S4: 88 | T4: 60 | U4: 66 | V4: 43 | W4: 39 | X4: Good Rotation | Y4: No Posterior Tilt | Z4: Good | AA4: Knee Valgus - Foot/hip | AB4: Trunk Stability | AC4: LE Stability
A5: Joe | B5: Downey | C5: 7 | D5: 128 | E5: N/a | F5: 55 | G5: 70 | H5: 80 | I5: 42 | J5: 42 | K5: 44 | L5: 73 | M5: 64 | N5: 64 | O5: 59 | P5: =90+50 -> 140 | Q5: 88 | R5: =90+46 -> 136 | S5: 100 | T5: 45 | U5: 51 | V5: 43 | W5: 26 | X5: Lateral Shift | Y5: Good | Z5: Good | AA5: Good | AB5: Good | AC5: Good
A6: Liam | B6: McMurray | C6: 8 | D6: 100 | E6: n/a | F6: 68 | G6: 75 | H6: 90 | I6: 58 | J6: 51 | K6: 55 | L6: 80 | M6: 92 | N6: 84 | O6: 84 | P6: =90+93 -> 183 | Q6: 90 | R6: 155 | S6: 110 | T6: 72 | U6: 68 | V6: 35 | W6: 41 | X6: Good Rotation | Y6: Shake & Bake, Good | Z6: Knee Valgus - Foot/hip | AA6: Good | AB6: Good | AC6: LE Stability
A7: Rafael | B7: Smith | C7: 9 | D7: 40 | E7: N/a | F7: 60 | G7: 65 | H7: 70 | I7: 53 | J7: 44 | K7: 43 | L7: 68 | M7: 64 | N7: 56 | O7: 56 | P7: =90+37 -> 127 | Q7: 113 | R7: =90+32 -> 122 | S7: 100 | T7: 60 | U7: 48 | V7: 38 | W7: 37 | X7: Lateral Shift | Y7: No Posterior Tilt, No Anterior Tilt | Z7: Knee Valgus - Foot/hip | AA7: Good | AB7: Good | AC7: Good
A8: Jaxsyn | B8: Moritz | C8: 9 | D8: 48 | E8: N/a | F8: 81 | G8: 78 | H8: 78 | I8: 69 | J8: 43 | K8: 44 | L8: 68 | M8: 73 | N8: 66 | O8: 70 | P8: =90+67 -> 157 | Q8: 83 | R8: =90+46 -> 136 | S8: 79 | T8: 67 | U8: 60 | V8: 42 | W8: 41 | X8: Lateral Shift | Y8: Good | Z8: Knee Valgus - Foot/hip | AA8: Good | AB8: Trunk Stability | AC8: Trunk Stability
A9: Justin | B9: Refermat | C9: 7 | D9: 256 | E9: N/a | F9: 70 | G9: 65 | H9: 73 | I9: 52 | J9: 38 | K9: 43 | L9: 77 | M9: 78 | N9: 71 | O9: 74 | P9: =90+58 -> 148 | Q9: 90 | R9: =90+43 -> 133 | S9: 99 | T9: 60 | U9: 54 | V9: 27 | W9: 24 | X9: Lateral Shift | Y9: Shake & Bake, No Anterior Tilt | Z9: Good | AA9: Knee Valgus - Foot/hip | AB9: Trunk Stability | AC9: Good
A10: Jaden | B10: Korpan | C10: 7 | D10: 85 | E10: N/a | F10: 76 | G10: 77 | H10: 76 | I10: 70 | J10: 43 | K10: 41 | L10: 76 | M10: 78 | N10: 71 | O10: 72 | P10: 160 | Q10: 105 | R10: =58+90 -> 148 | S10: 105 | T10: 72 | U10: 70 | V10: 29 | W10: 32 | X10: Unable | Y10: Shake & Bake, No Anterior Tilt | Z10: Knee Valgus - Foot/hip | AA10: Knee Valgus - Foot/hip | AB10: LE Stability | AC10: LE Stability
A11: Kayden | B11: Duncan | C11: 7.5 | D11: 100 | E11: elbow tightness during on-ramping | F11: 70 | G11: 71 | H11: 100 | I11: 82 | J11: 48 | K11: 50 | L11: 95 | M11: 100 | N11: 79 | O11: 87 | P11: 200 | Q11: 125 | R11: 180 | S11: 110 | T11: 53 | U11: 65 | V11: 39 | W11: 39 | X11: Lateral Shift | Y11: Shake & Bake | Z11: Good | AA11: Good | AB11: Good | AC11: Good
A12: Kaleb | B12: Lochatelli | C12: 7.5 | D12: 64 | E12: N/a | F12: 79 | G12: 74 | H12: 77 | I12: 55 | J12: 58 | K12: 59 | L12: 66 | M12: 75 | N12: 52 | O12: 57 | P12: 148 | Q12: 75 | R12: 128 | S12: 86 | T12: 38 | U12: 57 | V12: 38 | W12: 37 | X12: Lateral Shift | Y12: Shake & Bake | Z12: Good | AA12: Good | AB12: Good | AC12: Good
A13: Anthony | B13: Webber | C13: 8 | D13: 100 | E13: N/a | F13: 74 | G13: 70 | H13: 81 | I13: 52 | J13: 47 | K13: 40 | L13: 82 | M13: 77 | N13: 47 | O13: 53 | P13: 136 | Q13: 87 | R13: 130 | S13: 132 | T13: 64 | U13: 84 | V13: 33 | W13: 26 | X13: Lateral Shift | Y13: Shake & Bake, No Anterior Tilt | Z13: Good | AA13: Good | AB13: Good | AC13: Good
A14: Kieran | B14: Glassford | C14: 7 | D14: 128 | E14: UCL Sprain last spring | F14: 66 | G14: 66 | H14: 77 | I14: 48 | J14: 58 | K14: 51 | L14: 75 | M14: 68 | N14: 63 | O14: 57 | P14: =90+38 -> 128 | Q14: 100 | R14: =90+64 -> 154 | S14: 90 | T14: 58 | U14: 58 | V14: 41 | W14: 44 | X14: Good Rotation | Y14: Good | Z14: Good | AA14: Good | AB14: Good | AC14: Good
A15: Zack | B15: Bedard | C15: 8 | X15: Lateral Shift | Y15: No Posterior Tilt | Z15: Knee Valgus - Foot/hip | AA15: Good | AB15: Good | AC15: Good
A16: Gianluca | B16: Filice | C16: 8.5 | D16: 169 | E16: Still recovering from humerus Fx | F16: 77 | G16: 80 | H16: 78 | I16: 60 | J16: 41 | K16: 45 | L16: 74 | M16: 75 | N16: 58 | O16: 64 | P16: =90+75 -> 165 | Q16: 87 | R16: 138 | S16: 87 | T16: 42 | U16: 43 | V16: 32 | W16: 38 | X16: Good Rotation | Y16: Shake & Bake | Z16: Knee Valgus - Foot/hip | AA16: Poor Eccentric Control | AB16: LE Stability | AC16: Good
A17: Cole | B17: Penner | C17: 8 | X17: Unable | Y17: Shake & Bake | Z17: Knee Valgus - Foot/hip | AA17: Good | AB17: Good | AC17: LE Stability
A18: Reece | B18: Boyle | C18: 8 | D18: 64 | E18: N/a | F18: 76 | G18: 82 | H18: 82 | I18: 73 | J18: 36 | K18: 34 | L18: 67 | M18: 63 | N18: 55 | O18: 62 | P18: =90+68 -> 158 | Q18: 59 | R18: =90+52 -> 142 | S18: 96 | T18: 48 | U18: 56 | V18: 34 | W18: 32 | X18: Lateral Shift | Y18: Shake & Bake | Z18: Knee Valgus - Foot/hip | AA18: Knee Valgus - Foot/hip | AB18: Good | AC18: LE Stability
A19: Caleb | B19: Korhonen | C19: 9 | X19: Unable | Y19: Shake & Bake | Z19: Good | AA19: Knee Valgus - Foot/hip | AB19: LE Stability | AC19: LE Stability

Sheet Horizontal Jumps
A1: Name | B1: Broad Jump - No Arms | C1: Broad Jumps - Arm Swing | D1: SL Broad - R | E1: SL Broad - L | F1: Lateral - R | G1: Lateral - L
A2: ='Table Assessment'!A2 -> Nick | B2: 5'5 | C2: 7'2 | D2: 5'8 | E2: 6'0 | F2: 6'0 | G2: 5'7
A3: ='Table Assessment'!A3 -> Xavier | B3: 5'10 | C3: 7'8 | D3: 6'10 | E3: 6'3 | F3: 6'10 | G3: 6'5
A4: ='Table Assessment'!A4 -> John | B4: 6'9 | C4: 8'10 | D4: 7'5 | E4: 7'3 | F4: 7'7 | G4: 6'10
A5: ='Table Assessment'!A5 -> Joe | B5: 5'6 | C5: 7'2 | D5: 5'8 | E5: 5'11 | F5: 5'10 | G5: 5'7
A6: ='Table Assessment'!A6 -> Liam | B6: 6'6 | C6: 8'0 | D6: 6'6 | E6: 7'1 | F6: 6'7 | G6: 6'7
A7: ='Table Assessment'!A7 -> Rafael | B7: 5'6 | C7: 7'2 | D7: 5'10 | E7: 5'8 | F7: 5'2 | G7: 5'2
A8: ='Table Assessment'!A8 -> Jaxsyn | B8: 6'1 | C8: 7'11 | D8: 5'10 | E8: 5'9 | F8: 5'11 | G8: 5'11
A9: ='Table Assessment'!A9 -> Justin | B9: 6'2 | C9: 7'3 | D9: 5'11 | E9: 6'1 | F9: 5'7 | G9: 5'3
A10: ='Table Assessment'!A10 -> Jaden | B10: 6'1 | C10: 7'3 | D10: 6'2 | E10: 6'3 | F10: 6'1 | G10: 6'0
A11: ='Table Assessment'!A11 -> Kayden | B11: 7'0 | C11: 8'2 | D11: 6'10 | E11: 6'11 | F11: 6'7 | G11: 6'9
A12: ='Table Assessment'!A12 -> Kaleb | B12: 6'3 | C12: 7'7 | D12: 6'3 | E12: 6'10 | F12: 5'9 | G12: 6'4
A13: ='Table Assessment'!A13 -> Anthony | B13: 5'8 | C13: 6'6 | D13: 4'11 | E13: 4'8 | F13: 4'10 | G13: 4'10
A14: ='Table Assessment'!A14 -> Kieran | B14: 5'2 | C14: 6'9 | D14: 5'3 | E14: 5'3 | F14: 5' 6 | G14: 5'6
A15: ='Table Assessment'!A15 -> Zack
A16: ='Table Assessment'!A16 -> Gianluca | B16: 6'0 | C16: 7'2 | D16: 5'11 | E16: 6'7 | F16: 6'7 | G16: 6'5
A17: ='Table Assessment'!A17 -> Cole
A18: ='Table Assessment'!A18 -> Reece | B18: 6'0 | C18: 7'3 | D18: 6'0 | E18: 6'0 | F18: 5'10 | G18: 6'1
A19: ='Table Assessment'!A19 -> Caleb

Sheet VALD
B1: ForceDecks | H1: DynaMo Lite | K1: Complete R & L | L1: Complete R & L | M1: Complete R & L | N1: Complete R & L
A2: NAME | B2: CMJ x3 | C2: SQJ x 2 | D2: Hop Test | E2: SL CMJ - Right | F2: SL CMJ - Left | G2: Plyo Push-up x2 | H2: Shoulder Flexion - AROM | I2: Shoulder - IR AROM | J2: Shoulder ER - AROM | K2: Shoulder IR 90/90 Strength | L2: Shoulder ER 90/90 - strength | M2: Supine shoulder ABD | N2: Pinch Grip
A3: ='Table Assessment'!#REF! -> #REF! | B3: FALSE | C3: FALSE | D3: FALSE | E3: FALSE | F3: FALSE | G3: FALSE | H3: FALSE | I3: FALSE | J3: FALSE | K3: FALSE | L3: FALSE | M3: FALSE | N3: FALSE
A4: ='Table Assessment'!A2 -> Nick | B4: TRUE | C4: TRUE | D4: TRUE | E4: TRUE | F4: TRUE | G4: TRUE | H4: TRUE | I4: TRUE | J4: TRUE | K4: TRUE | L4: TRUE | M4: TRUE | N4: TRUE
A5: ='Table Assessment'!A3 -> Xavier | B5: TRUE | C5: TRUE | D5: TRUE | E5: TRUE | F5: TRUE | G5: TRUE | H5: TRUE | I5: TRUE | J5: TRUE | K5: TRUE | L5: TRUE | M5: TRUE | N5: TRUE
A6: ='Table Assessment'!A4 -> John | B6: TRUE | C6: TRUE | D6: TRUE | E6: TRUE | F6: TRUE | G6: TRUE | H6: TRUE | I6: TRUE | J6: TRUE | K6: TRUE | L6: TRUE | M6: TRUE | N6: TRUE
A7: ='Table Assessment'!A5 -> Joe | B7: TRUE | C7: TRUE | D7: TRUE | E7: TRUE | F7: TRUE | G7: TRUE | H7: TRUE | I7: TRUE | J7: TRUE | K7: TRUE | L7: TRUE | M7: TRUE | N7: TRUE
A8: ='Table Assessment'!A6 -> Liam | B8: TRUE | C8: TRUE | D8: TRUE | E8: TRUE | F8: TRUE | G8: TRUE | H8: TRUE | I8: TRUE | J8: TRUE | K8: TRUE | L8: TRUE | M8: TRUE | N8: TRUE
A9: ='Table Assessment'!A7 -> Rafael | B9: TRUE | C9: TRUE | D9: TRUE | E9: TRUE | F9: TRUE | G9: TRUE | H9: TRUE | I9: TRUE | J9: TRUE | K9: TRUE | L9: TRUE | M9: TRUE | N9: TRUE
A10: ='Table Assessment'!A8 -> Jaxsyn | B10: TRUE | C10: TRUE | D10: TRUE | E10: TRUE | F10: TRUE | G10: TRUE | H10: TRUE | I10: TRUE | J10: TRUE | K10: TRUE | L10: TRUE | M10: TRUE | N10: TRUE
A11: ='Table Assessment'!A9 -> Justin | B11: TRUE | C11: TRUE | D11: TRUE | E11: TRUE | F11: TRUE | G11: TRUE | H11: TRUE | I11: TRUE | J11: TRUE | K11: TRUE | L11: TRUE | M11: TRUE | N11: TRUE
A12: ='Table Assessment'!#REF! -> #REF! | B12: FALSE | C12: FALSE | D12: FALSE | E12: FALSE | F12: FALSE | G12: FALSE | H12: FALSE | I12: FALSE | J12: FALSE | K12: FALSE | L12: FALSE | M12: FALSE | N12: FALSE
A13: ='Table Assessment'!A10 -> Jaden | B13: TRUE | C13: TRUE | D13: TRUE | E13: TRUE | F13: TRUE | G13: TRUE | H13: TRUE | I13: TRUE | J13: TRUE | K13: TRUE | L13: TRUE | M13: TRUE | N13: TRUE
A14: ='Table Assessment'!A11 -> Kayden | B14: TRUE | C14: TRUE | D14: TRUE | E14: TRUE | F14: TRUE | G14: TRUE | H14: TRUE | I14: TRUE | J14: TRUE | K14: TRUE | L14: TRUE | M14: TRUE | N14: TRUE
A15: ='Table Assessment'!A12 -> Kaleb | B15: TRUE | C15: TRUE | D15: TRUE | E15: TRUE | F15: TRUE | G15: TRUE | H15: TRUE | I15: TRUE | J15: TRUE | K15: TRUE | L15: TRUE | M15: TRUE | N15: TRUE
A16: ='Table Assessment'!A13 -> Anthony | B16: TRUE | C16: TRUE | D16: TRUE | E16: TRUE | F16: TRUE | G16: TRUE | H16: TRUE | I16: TRUE | J16: TRUE | K16: TRUE | L16: TRUE | M16: TRUE | N16: TRUE
A17: ='Table Assessment'!A14 -> Kieran | B17: TRUE | C17: TRUE | D17: TRUE | E17: TRUE | F17: TRUE | G17: TRUE | H17: TRUE | I17: TRUE | J17: TRUE | K17: TRUE | L17: TRUE | M17: TRUE | N17: TRUE
A18: ='Table Assessment'!A15 -> Zack | B18: FALSE | C18: FALSE | D18: FALSE | E18: FALSE | F18: FALSE | G18: FALSE | H18: FALSE | I18: FALSE | J18: FALSE | K18: FALSE | L18: FALSE | M18: FALSE | N18: FALSE
A19: ='Table Assessment'!A16 -> Gianluca | B19: TRUE | C19: TRUE | D19: TRUE | E19: TRUE | F19: TRUE | G19: TRUE | H19: TRUE | I19: TRUE | J19: TRUE | K19: TRUE | L19: TRUE | M19: TRUE | N19: TRUE
A20: ='Table Assessment'!A17 -> Cole | B20: FALSE | C20: FALSE | D20: FALSE | E20: FALSE | F20: FALSE | G20: FALSE | H20: FALSE | I20: FALSE | J20: FALSE | K20: FALSE | L20: FALSE | M20: FALSE | N20: FALSE
A21: ='Table Assessment'!A18 -> Reece | B21: TRUE | C21: TRUE | D21: TRUE | E21: TRUE | F21: TRUE | G21: TRUE | H21: FALSE | I21: FALSE | J21: FALSE | K21: FALSE | L21: FALSE | M21: FALSE | N21: FALSE
A22: ='Table Assessment'!A19 -> Caleb | B22: FALSE | C22: FALSE | D22: FALSE | E22: FALSE | F22: FALSE | G22: FALSE | H22: FALSE | I22: FALSE | J22: FALSE | K22: FALSE | L22: FALSE | M22: FALSE | N22: FALSE

Sheet Mocap
A1: Name | B1: Mocap | C1: Time | D1: Handedness | E1: Notes
A2: Jaden Korpan | B2: YES | C2: 0.41666667 | D2: RHP | E2: 81 -> 84.8
A3: Tony Weber | B3: YES | C3: 0.42222222 | D3: RHP | E3: 82 -> 86.7
A4: Nick Gold | C4: 0.43611111 | D4: RHP
A5: Liam McMurrary | C5: 0.44375 | D5: RHP
A6: Xavier Beckstead | C6: 0.45138889 | D6: RHP | E6: 81 -> 83
A7: Kayden Graham | D7: RHP
A8: Jaxzyn Moritz | D8: RHP | E8: 81 -> 83
A9: Rafael Smith | D9: RHP
A10: Joe Downey | D10: RHP
A11: John Callahan | D11: RHP | E11: 81.2-> 82.3
A12: Kieran Glassford | D12: LHP
A13: filice
A14: locatelli
A15: refermat
A16: reece boyle | D16: rhp
