Workbook

Sheet Table Assessment
A1: First Name | B1: Last Name | C1: Sleep (avg # of hours) | D1: Water intake (oz/day) | E1: Cx Rot L | F1: Cx Rot R | G1: Lx Flexion | H1: Lx Extension | I1: Hip IR - R | J1: Hip IR - L | K1: PSLR - R | L1: PSLR - L | M1: ASLR - R | N1: ASLR - L | O1: Shoulder ER - R | P1: Shoulder IR - R | Q1: Shoulder ER - L | R1: Shoulder IR - L | S1: TSpine Rot - L | T1: TSpine Rot - R | U1: Ankle DF - R | V1: Ankle DF - L | W1: Previous Injury | X1: Pelvic Rotation | Y1: Pelvic Ant/Post | Z1: SL Squat - R | AA1: SL Squat - L | AB1: SL Balance - R | AC1: SL Balance - L | AD1: Other
A2: Nick | B2: Gold | C2: 7 | D2: 28 | E2: 63 | F2: 65 | G2: 83 | H2: 43 | I2: 44 | J2: 45 | K2: 75 | L2: 71 | M2: 70 | N2: 66 | O2: =65 +90 -> 155 | P2: 68 | Q2: =53+90 -> 143 | R2: 72 | S2: 65 | T2: 67 | U2: 45 | V2: 46 | W2: 2 month ago R RC strain | X2: Good Rotation | Y2: Shake & Bake | Z2: Good | AA2: Knee Valgus - Foot/hip | AB2: Good | AC2: Good
A3: Xavier | B3: Beckstead | C3: 8 | D3: 48 | E3: 60 | F3: 62 | G3: 84 | H3: 47 | I3: 38 | J3: 35 | K3: 49 | L3: 54 | M3: 45 | N3: 54 | O3: =55 +90 -> 145 | P3: 40 | Q3: =46+90 -> 136 | R3: 44 | S3: 60 | T3: 47 | U3: 33 | V3: 39 | W3: history of ankle sprains | X3: Good Rotation | Y3: No Anterior Tilt | Z3: Knee Valgus - Foot/hip | AA3: Good | AB3: LE Stability | AC3: LE Stability
A4: John | B4: Callahan | C4: 7.5 | D4: 128 | E4: 65 | F4: 55 | G4: 89 | H4: 58 | I4: 40 | J4: 52 | K4: 86 | L4: 87 | M4: 73 | N4: 74 | O4: =71+90 -> 161 | P4: 60 | Q4: =41+90 -> 131 | R4: 86 | S4: 75 | T4: 74 | U4: 33 | V4: 34 | W4: bilateral ankle sprain, L hamate fracture, hamstring strains | X4: Good Rotation | Y4: No Anterior Tilt | Z4: Good | AA4: Knee Valgus - Foot/hip | AB4: Trunk Stability | AC4: Trunk Stability
A5: Joe | B5: Downey | C5: 7 | D5: 128 | E5: 61 | F5: 58 | G5: 75 | H5: 32 | I5: 31 | J5: 40 | K5: 54 | L5: 60 | M5: 54 | N5: 59 | O5: =56+90 -> 146 | P5: 80 | Q5: =29+90 -> 119 | R5: 100 | S5: 49 | T5: 46 | U5: 47 | V5: 43 | W5: R Labrum Repair 4 years ago | X5: Good Rotation | Y5: Good | Z5: Knee Valgus - Foot/hip | AA5: Good | AB5: Good | AC5: Good
A6: Liam | B6: McMurrary | C6: 6 | D6: 100 | E6: 70 | F6: 80 | G6: 88 | H6: 48 | I6: 47 | J6: 52 | K6: 86 | L6: 90 | M6: 71 | N6: 76 | O6: =80+90 -> 170 | P6: 74 | Q6: =55 +90 -> 145 | R6: 90 | S6: 84 | T6: 80 | U6: 35 | V6: 34 | W6: L fibula fx, chronic ankle sprains, current R shoulder pain, L hamate fx | X6: Good Rotation | Y6: Shake & Bake | Z6: Knee Valgus - Foot/hip | AA6: Knee Valgus - Foot/hip | AB6: Good | AC6: LE Stability | AD6: L Shoulder clicking on ER
A7: Rafael | B7: Smith | C7: 9 | D7: 32 | E7: 58 | F7: 62 | G7: 72 | H7: 59 | I7: 38 | J7: 44 | K7: 54 | L7: 64 | M7: 50 | N7: 50 | O7: =44+90 -> 134 | P7: 80 | Q7: =34+90 -> 124 | R7: 94 | S7: 51 | T7: 51 | U7: 45 | V7: 40 | W7: R shoulder impingement | X7: Unable | Y7: No Posterior Tilt, No Anterior Tilt | Z7: Knee Valgus - Foot/hip | AA7: Knee Valgus - Foot/hip | AB7: Trunk Stability | AC7: Trunk Stability
A8: Jaxzyn | B8: Moritz | C8: 7 | D8: 32 | E8: 65 | F8: 68 | G8: 73 | H8: 52 | I8: 48 | J8: 40 | K8: 62 | L8: 68 | M8: 62 | N8: 66 | O8: =61+90 -> 151 | P8: 78 | Q8: =51+90 -> 141 | R8: 83 | S8: 49 | T8: 53 | U8: 38 | V8: 39 | W8: Jumpers knee bil | X8: Good Rotation | Y8: Shake & Bake | Z8: Knee Valgus - Foot/hip | AA8: Good | AB8: LE Stability | AC8: LE Stability
A9: Justin | B9: Refermat | C9: 7 | D9: 96 | E9: 60 | F9: 62 | G9: 76 | H9: 48 | I9: 41 | J9: 38 | K9: 73 | L9: 71 | M9: 70 | N9: 70 | O9: =60+90 -> 150 | P9: 83 | Q9: =39+90 -> 129 | R9: 95 | S9: 45 | T9: 65 | U9: 44 | V9: 26 | W9: L ACL & Meniscus tear, L collar bone Fx, 2 concussions, L ankle sprains, L wrist fx | X9: Lateral Shift | Y9: Shake & Bake | Z9: Good | AA9: Knee Valgus - Foot/hip | AB9: Trunk Stability | AC9: LE Stability
A10: Jaden | B10: Korpan | C10: 7 | D10: 80 | E10: 56 | F10: 55 | G10: 88 | H10: 63 | I10: 46 | J10: 49 | K10: 83 | L10: 86 | M10: 71 | N10: 74 | O10: =76+90 -> 166 | P10: 83 | Q10: =48+90 -> 138 | R10: 110 | S10: 60 | T10: 65 | U10: 40 | V10: 43 | W10: R shoulder bursitis a year ago | X10: Good Rotation | Y10: Shake & Bake | Z10: Good | AA10: Knee Valgus - Foot/hip | AB10: Trunk Stability | AC10: Good
A11: Kayden | B11: Duncan | C11: 7 | D11: 120 | E11: 63 | F11: 65 | G11: 95 | H11: 51 | I11: 39 | J11: 49 | K11: 87 | L11: 94 | M11: 83 | N11: 90 | O11: =90+90 -> 180 | P11: 120 | Q11: =85+90 -> 175 | R11: 110 | S11: 75 | T11: 80 | U11: 50 | V11: 47 | W11: N/a | X11: Good Rotation | Y11: Good | Z11: Good | AA11: Good | AB11: LE Stability | AC11: LE Stability
A12: Kaleb | B12: Locatelli | C12: 7 | D12: 64 | E12: 68 | F12: 65 | G12: 73 | H12: 51 | I12: 46 | J12: 65 | K12: 60 | L12: 68 | M12: 56 | N12: 60 | O12: =67+90 -> 157 | P12: 79 | Q12: =35+90 -> 125 | R12: 96 | S12: 58 | T12: 76 | U12: 46 | V12: 44 | W12: R bicep pain currently | X12: Lateral Shift | Y12: Shake & Bake | Z12: Good | AA12: Good | AB12: Good | AC12: LE Stability
A13: Tony | B13: Weber | C13: 9.5 | D13: 48 | E13: 73 | F13: 88 | G13: 75 | H13: 45 | I13: 46 | J13: 36 | K13: 64 | L13: 69 | M13: 53 | N13: 57 | O13: =58+90 -> 148 | P13: 110 | Q13: =40+90 -> 130 | R13: 115 | S13: 66 | T13: 73 | U13: 42 | V13: 34 | W13: R shoulder pain, R UCL sprain 2 years ago, L hamstring strain | X13: Unable | Y13: Shake & Bake | Z13: Poor Eccentric Control | AA13: Poor Eccentric Control | AB13: LE Stability | AC13: LE Stability
A14: Kieran | B14: Glassford | C14: 8 | D14: 169 | E14: 65 | F14: 51 | G14: 83 | H14: 44 | I14: 43 | J14: 47 | K14: 64 | L14: 64 | M14: 54 | N14: 48 | O14: =25+90 -> 115 | P14: 85 | Q14: =48+90 -> 138 | R14: 110 | S14: 64 | T14: 74 | U14: 43 | V14: 46 | W14: L UCL sprain last year, chronic bicep and tricep strains, 3 Cervical/thoracic vertebrae removed due to tumor on spinal cord - thoracic kyphosis | X14: Lateral Shift | Y14: Shake & Bake | Z14: Good | AA14: Knee Valgus - Foot/hip | AB14: Good | AC14: Good
A15: Zack | B15: Bedard | C15: 8 | D15: 90 | E15: 64 | F15: 60 | G15: 83 | H15: 54 | I15: 50 | J15: 56 | K15: 70 | L15: 67 | M15: 70 | N15: 66 | O15: =54+90 -> 144 | P15: 82 | Q15: =59+90 -> 149 | R15: 105 | S15: 68 | T15: 64 | U15: 46 | V15: 38 | W15: R sided shoulder and elbow pain end of fall | X15: Lateral Shift | Y15: No Posterior Tilt | Z15: Knee Valgus - Foot/hip | AA15: Good | AB15: Good | AC15: Good
A16: Gianluca | B16: Filice | C16: 9 | D16: 128 | E16: 75 | F16: 74 | G16: 74 | H16: 54 | I16: 43 | J16: 45 | K16: 56 | L16: 65 | M16: 59 | N16: 62 | O16: =44+90 -> 134 | P16: 86 | Q16: =43+90 -> 133 | R16: 110 | S16: 60 | T16: 72 | U16: 43 | V16: 41 | W16: R humerus fx August 24 required surgery with plates | X16: Lateral Shift | Y16: Shake & Bake | Z16: Poor Eccentric Control | AA16: Poor Eccentric Control | AB16: Trunk Stability | AC16: Trunk Stability
A17: Cole | B17: Penner | C17: 8 | D17: 118 | E17: 70 | F17: 75 | G17: 70 | H17: 52 | I17: 45 | J17: 45 | K17: 71 | L17: 71 | M17: 64 | N17: 66 | O17: =50+90 -> 140 | P17: 105 | Q17: =46+90 -> 136 | R17: 115 | S17: 44 | T17: 58 | U17: 45 | V17: 45 | W17: Nerve damage R shoulder 4 year | X17: Unable | Y17: Shake & Bake | Z17: Knee Valgus - Foot/hip | AA17: Good | AB17: Good | AC17: LE Stability
A18: Reece | B18: Boyle | C18: 6.5 | D18: 64 | E18: 74 | F18: 69 | G18: 86 | H18: 67 | I18: 43 | J18: 32 | K18: 62 | L18: 67 | M18: 61 | N18: 60 | O18: =53+90 -> 143 | P18: 69 | Q18: =39+90 -> 129 | R18: 89 | S18: 45 | T18: 60 | U18: 37 | V18: 37 | W18: L wrist pain from catching | X18: Good Rotation | Y18: Shake & Bake | Z18: Knee Valgus - Foot/hip | AA18: Knee Valgus - Foot/hip | AB18: LE Stability | AC18: LE Stability
A19: Caleb | B19: Korhonen | C19: 9 | D19: 128 | E19: 70 | F19: 74 | G19: 90 | H19: 44 | I19: 50 | J19: 56 | K19: 87 | L19: 86 | M19: 83 | N19: 84 | O19: =41+90 -> 131 | P19: 110 | Q19: =40+90 -> 130 | R19: 115 | S19: 81 | T19: 78 | U19: 36 | V19: 35 | W19: L arm fx, R Partial Labrum tear, history of R ankle sprain | X19: Unable | Y19: Shake & Bake | Z19: Good | AA19: Knee Valgus - Foot/hip | AB19: LE Stability | AC19: LE Stability

Sheet Horizontal Jumps
A1: =A3:A20 -> #VALUE! | B1: Broad Jump - No Arms | C1: Broad Jumps - Arm Swing | D1: SL Broad - R | E1: SL Broad - L | F1: Lateral - R | G1: Lateral - L
A2: ='Table Assessment'!A2 -> Nick | B2: 5'2 | C2: 6'6 | D2: 5'2 | E2: 6'1 | F2: 5'8 | G2: 5'7
A3: ='Table Assessment'!A3 -> Xavier | B3: 6'3 | C3: 7'10 | D3: 6'7 | E3: 6'2 | F3: 6'4 | G3: 6'5
A4: ='Table Assessment'!A4 -> John | B4: 6'4 | C4: 8'3 | D4: 6'9 | E4: 6'9 | F4: 6'10 | G4: 6'4
A5: ='Table Assessment'!A5 -> Joe | B5: 5'6 | C5: 7'0 | D5: 5'8 | E5: 5'8 | F5: 5'7 | G5: 5'3
A6: ='Table Assessment'!A6 -> Liam | B6: 5'11 | C6: 7'7 | D6: 6'2 | E6: 6'6 | F6: 6'6 | G6: 6'2
A7: ='Table Assessment'!A7 -> Rafael | B7: 5'0 | C7: 7'2 | D7: 5'8 | E7: 5'4 | F7: 5'8 | G7: 5'7
A8: ='Table Assessment'!A8 -> Jaxzyn | B8: 5'3 | C8: 6'11 | D8: 5'7 | E8: 5'7 | F8: 5'8 | G8: 4'11
A9: ='Table Assessment'!A9 -> Justin | B9: 5'11 | C9: 7'7 | D9: 5'10 | E9: 6'0 | F9: 5'7 | G9: 5'8
A10: ='Table Assessment'!A10 -> Jaden | B10: 6'1 | C10: 7'3 | D10: 5'9 | E10: 5'8 | F10: 6'1 | G10: 5'7
A11: ='Table Assessment'!A11 -> Kayden | B11: 6'11 | C11: 7'10 | D11: 6'5 | E11: 7'3 | F11: 6'0 | G11: 6'2
A12: ='Table Assessment'!A12 -> Kaleb | B12: 6'5 | C12: 8'0 | D12: 6'6 | E12: 7'0 | F12: 6'5 | G12: 6'9
A13: ='Table Assessment'!A13 -> Tony | B13: 5'8 | C13: 6'7 | D13: 5'7 | E13: 5'5 | F13: 5'8 | G13: 5'4
... A19: ='Table Assessment'!A19 -> Caleb | B19: 5'3 | C19: 8'7 | D19: 6'11 | E19: 7'5 | F19: 6'6 | G19: 6'5
